{"cameraMode":{"drawMode":0,"name":"Shaded","section":"Shading Mode"},"sceneLighting":false,"audioPlay":false,"sceneViewState":{"m_AlwaysRefresh":false,"showFog":true,"showSkybox":false,"showFlares":true,"showImageEffects":true,"showParticleSystems":true,"showVisualEffectGraphs":true,"m_FxEnabled":true},"in2DMode":false,"pivot":{"x":5.238259315490723,"y":1.6458015441894532,"z":3.7989397048950197},"rotation":{"x":-0.00019401991448830813,"y":0.9814050793647766,"z":-0.1895829290151596,"w":0.007610306143760681},"size":1.707354187965393,"orthographic":false}