{"cameraMode":{"drawMode":0,"name":"Shaded","section":"Shading Mode"},"sceneLighting":false,"audioPlay":false,"sceneViewState":{"m_AlwaysRefresh":false,"showFog":true,"showSkybox":false,"showFlares":true,"showImageEffects":true,"showParticleSystems":true,"showVisualEffectGraphs":true,"m_FxEnabled":true},"in2DMode":false,"pivot":{"x":6.528196811676025,"y":1.893971562385559,"z":-3.808199644088745},"rotation":{"x":0.036295123398303989,"y":0.9487059712409973,"z":-0.12679100036621095,"w":0.28588759899139407},"size":0.5812204480171204,"orthographic":false}