{"cameraMode":{"drawMode":0,"name":"Shaded","section":"Shading Mode"},"sceneLighting":false,"audioPlay":false,"sceneViewState":{"m_AlwaysRefresh":false,"showFog":true,"showSkybox":false,"showFlares":true,"showImageEffects":true,"showParticleSystems":true,"showVisualEffectGraphs":true,"m_FxEnabled":true},"in2DMode":false,"pivot":{"x":0.003171205520629883,"y":-0.9910000562667847,"z":0.00010180473327636719},"rotation":{"x":-0.01910124346613884,"y":-0.7633921504020691,"z":-0.024666840210556985,"w":0.6445629596710205},"size":1.2055639028549195,"orthographic":false}